"PoS","mean","n"
"N",27.6190476190476,630
"ADJ",14.4230769230769,104
"SPEC",7.14285714285714,14
"VZ",6.25,16
"TW",5.55555555555556,18
"WW",4.59183673469388,196
"BW",4.34782608695652,23
"LID",0,2
"TSW",0,2
"VG",0,5
"VNW",0,18
